{
  "generatedAt": "2026-07-17 17:07:42",
  "routeCount": 4,
  "fileCount": 6,
  "skippedCount": 0,
  "errorCount": 2,
  "routes": [
    [
      [
        35.692823,
        139.694953
      ],
      [
        35.692823,
        139.694953
      ]
    ],
    [
      [
        35.690971,
        139.700308
      ],
      [
        35.691021,
        139.700358
      ],
      [
        35.691121,
        139.700458
      ],
      [
        35.691171,
        139.700508
      ]
    ],
    [
      [
        35.690971,
        139.700308
      ],
      [
        35.691021,
        139.700358
      ],
      [
        35.691121,
        139.700458
      ]
    ],
    [
      [
        35.692823,
        139.694953
      ],
      [
        35.692823,
        139.694953
      ],
      [
        35.692823,
        139.694953
      ],
      [
        35.692823,
        139.694953
      ],
      [
        35.692823,
        139.694953
      ],
      [
        35.692823,
        139.694953
      ]
    ]
  ]
}