{
  "generatedAt": "2026-07-21 13:48:12",
  "routeCount": 7,
  "fileCount": 9,
  "skippedCount": 0,
  "errorCount": 2,
  "routes": [
    [
      [
        35.690971,
        139.700308
      ],
      [
        35.691021,
        139.700358
      ],
      [
        35.691071,
        139.700408
      ],
      [
        35.691121,
        139.700458
      ],
      [
        35.691221,
        139.700558
      ],
      [
        35.691271,
        139.700608
      ]
    ],
    [
      [
        35.735627,
        139.654882
      ],
      [
        35.735776,
        139.654785
      ],
      [
        35.735784,
        139.654781
      ],
      [
        35.7358,
        139.654759
      ],
      [
        35.735813,
        139.65475
      ],
      [
        35.735958,
        139.654766
      ],
      [
        35.735901,
        139.65477
      ],
      [
        35.735946,
        139.654745
      ],
      [
        35.735985,
        139.654712
      ],
      [
        35.736157,
        139.654663
      ],
      [
        35.737665,
        139.654823
      ],
      [
        35.737665,
        139.654823
      ],
      [
        35.737665,
        139.654823
      ],
      [
        35.737665,
        139.654823
      ],
      [
        35.737665,
        139.654823
      ],
      [
        35.737665,
        139.654823
      ],
      [
        35.737665,
        139.654823
      ],
      [
        35.737665,
        139.654823
      ],
      [
        35.737665,
        139.654823
      ],
      [
        35.737665,
        139.654823
      ],
      [
        35.737665,
        139.654823
      ],
      [
        35.737665,
        139.654823
      ],
      [
        35.737665,
        139.654823
      ],
      [
        35.737665,
        139.654823
      ],
      [
        35.737665,
        139.654823
      ],
      [
        35.737665,
        139.654823
      ],
      [
        35.737665,
        139.654823
      ],
      [
        35.737665,
        139.654823
      ],
      [
        35.737665,
        139.654823
      ],
      [
        35.737665,
        139.654823
      ],
      [
        35.737665,
        139.654823
      ],
      [
        35.737665,
        139.654823
      ],
      [
        35.737665,
        139.654823
      ],
      [
        35.737665,
        139.654823
      ],
      [
        35.737665,
        139.654823
      ],
      [
        35.737683,
        139.654791
      ],
      [
        35.737696,
        139.654785
      ],
      [
        35.737722,
        139.65482
      ],
      [
        35.737677,
        139.654868
      ],
      [
        35.737745,
        139.654753
      ],
      [
        35.737751,
        139.654701
      ],
      [
        35.73797,
        139.654441
      ],
      [
        35.738246,
        139.654126
      ],
      [
        35.738233,
        139.654296
      ],
      [
        35.738254,
        139.654333
      ],
      [
        35.73827,
        139.654233
      ],
      [
        35.738286,
        139.654211
      ],
      [
        35.738264,
        139.654183
      ],
      [
        35.738245,
        139.654178
      ],
      [
        35.738287,
        139.654122
      ],
      [
        35.73829,
        139.654102
      ],
      [
        35.738282,
        139.654121
      ],
      [
        35.738286,
        139.654118
      ],
      [
        35.738273,
        139.654076
      ],
      [
        35.73829,
        139.654048
      ],
      [
        35.738603,
        139.653635
      ],
      [
        35.738603,
        139.653635
      ],
      [
        35.738603,
        139.653635
      ],
      [
        35.738625,
        139.653665
      ]
    ],
    [
      [
        35.692823,
        139.694945
      ],
      [
        35.692823,
        139.694945
      ],
      [
        35.692823,
        139.694945
      ]
    ],
    [
      [
        35.692823,
        139.694953
      ],
      [
        35.692823,
        139.694953
      ]
    ],
    [
      [
        35.690971,
        139.700308
      ],
      [
        35.691021,
        139.700358
      ],
      [
        35.691121,
        139.700458
      ],
      [
        35.691171,
        139.700508
      ]
    ],
    [
      [
        35.690971,
        139.700308
      ],
      [
        35.691021,
        139.700358
      ],
      [
        35.691121,
        139.700458
      ]
    ],
    [
      [
        35.692823,
        139.694953
      ],
      [
        35.692823,
        139.694953
      ],
      [
        35.692823,
        139.694953
      ],
      [
        35.692823,
        139.694953
      ],
      [
        35.692823,
        139.694953
      ],
      [
        35.692823,
        139.694953
      ]
    ]
  ]
}